pool,url,label
sleeper,https://www.cpsc.gov/s3fs-public/bassinet-pink-beige.jpg,other
sleeper,https://www.cpsc.gov/s3fs-public/bassinet-black.jpg,other
sleeper,https://www.cpsc.gov/s3fs-public/bassinet-gray-brown.jpg,other
sleeper,https://www.cpsc.gov/s3fs-public/bassinet-black-brown.jpg,other
sleeper,https://www.cpsc.gov/s3fs-public/crib1_1.jpg,other
sleeper,https://www.cpsc.gov/s3fs-public/Screen Shot 2019-06-27 at 8.05.55 AM.png,other
sleeper,https://www.cpsc.gov/s3fs-public/Screen Shot 2019-06-27 at 8.06.04 AM.png,other
sleeper,https://www.cpsc.gov/s3fs-public/Picture12_1.jpg,other
sleeper,https://www.cpsc.gov/s3fs-public/Picture14_0.jpg,other
sleeper,https://www.cpsc.gov/s3fs-public/Picture16_1.jpg,other
sleeper,https://www.cpsc.gov/s3fs-public/Picture17_1.jpg,other
sleeper,https://www.cpsc.gov/s3fs-public/comeonroa-1.png,other
sleeper,https://www.cpsc.gov/s3fs-public/comeonroa-2.png,other
sleeper,https://www.cpsc.gov/s3fs-public/HONEYJOY-1.jpg,other
sleeper,https://www.cpsc.gov/s3fs-public/HONEYJOY-2.jpg,other
sleeper,https://www.cpsc.gov/s3fs-public/HONEYJOY-3.png,other
sleeper,https://www.cpsc.gov/s3fs-public/HONEYJOY-4.png,other
sleeper,https://www.cpsc.gov/s3fs-public/HONEYJOY-5.jpg,other
sleeper,https://www.cpsc.gov/s3fs-public/bassinet-label.png,drop
sleeper,https://www.cpsc.gov/s3fs-public/Picture1_16.jpg,drop
sleeper,https://www.cpsc.gov/s3fs-public/Picture2_16.jpg,drop
sleeper,https://www.cpsc.gov/s3fs-public/1_54.jpg,drop
sleeper,https://www.cpsc.gov/s3fs-public/2_47.jpg,drop
sleeper,https://www.cpsc.gov/s3fs-public/Recall.2016.16743.16743b.jpg,drop
sleeper,https://www.cpsc.gov/s3fs-public/Picture13_1.jpg,drop
sleeper,https://www.cpsc.gov/s3fs-public/Picture15_1.jpg,drop
sleeper,https://www.cpsc.gov/s3fs-public/Picture18_1.jpg,drop
sleeper,https://www.cpsc.gov/s3fs-public/comeonroa-3.png,drop
sleeper,https://www.cpsc.gov/s3fs-public/HONEYJOY-6.png,other
sleeper,https://www.cpsc.gov/s3fs-public/HONEYJOY-7.png,other
sleeper,https://www.cpsc.gov/s3fs-public/babyjoy-1.png,other
sleeper,https://www.cpsc.gov/s3fs-public/babyjoy-2.jpg,other
sleeper,https://www.cpsc.gov/s3fs-public/babyjoy-3.jpg,other
sleeper,https://i.ebayimg.com/images/g/uhwAAeSw2Cpp~R8O/s-l500.webp,other
sleeper,https://i.ebayimg.com/images/g/XkcAAeSwZsZqr1hS/s-l500.webp,other
sleeper,https://i.ebayimg.com/images/g/H4sAAeSwCy1p2I1h/s-l500.webp,other
sleeper,https://i.ebayimg.com/images/g/83UAAeSwBcdom8Gc/s-l500.webp,other
sleeper,https://i.ebayimg.com/images/g/oHkAAeSwt5tqMXpX/s-l500.webp,other
sleeper,https://i.ebayimg.com/images/g/7nEAAeSwtAZqN4gv/s-l500.webp,other
sleeper,https://i.ebayimg.com/images/g/beYAAeSw0zlqlGcz/s-l500.webp,other
sleeper,https://i.ebayimg.com/images/g/5IIAAeSwRv9pO~0S/s-l500.webp,other
sleeper,https://i.ebayimg.com/images/g/TA8AAeSwfEZqqaX~/s-l500.webp,other
sleeper,https://i.ebayimg.com/images/g/z1oAAeSwy7NqIAG-/s-l500.webp,other
sleeper,https://i.ebayimg.com/images/g/QAEAAeSwjYdqa7-C/s-l500.webp,other
sleeper,https://i.ebayimg.com/images/g/eXoAAeSwE01qrvgy/s-l500.webp,other
sleeper,https://i.ebayimg.com/images/g/ddcAAeSwQjhqOU9a/s-l500.webp,other
sleeper,https://i.ebayimg.com/images/g/xa8AAeSwW4tqepas/s-l500.webp,other
sleeper,https://i.ebayimg.com/images/g/fiEAAeSwXwdqIABi/s-l500.webp,other
sleeper,https://i.ebayimg.com/images/g/3WYAAeSwYi9qFVv0/s-l500.webp,other
sleeper,https://i.ebayimg.com/images/g/rfEAAeSwAetqpO5C/s-l500.webp,other
sleeper,https://i.ebayimg.com/images/g/wNEAAOSw9dVlU2Et/s-l500.webp,other
sleeper,https://www.cpsc.gov/s3fs-public/HONEYJOY-8.png,drop
sleeper,https://www.cpsc.gov/s3fs-public/blounge-6.jpg,drop
sleeper,https://www.cpsc.gov/s3fs-public/blounge-7.jpg,drop
sleeper,https://i.ebayimg.com/images/g/eXcAAeSwuTZqnuRI/s-l500.webp,drop
sleeper,https://i.ebayimg.com/images/g/Qd4AAeSw4kFqp0Cu/s-l500.webp,drop
sleeper,https://i.ebayimg.com/images/g/-lcAAeSwwelqr-9G/s-l500.webp,drop
sleeper,https://i.ebayimg.com/images/g/7n0AAeSwkB5qBsJT/s-l500.webp,other
sleeper,https://i.ebayimg.com/images/g/OOgAAeSwiTNqkFrv/s-l500.webp,other
sleeper,https://i.ebayimg.com/images/g/xhwAAeSwZQpqBsM7/s-l500.webp,other
sleeper,https://i.ebayimg.com/images/g/6DoAAeSw7BNqhUkY/s-l500.webp,other
sleeper,https://i.ebayimg.com/images/g/1yAAAeSwPoZqfrRd/s-l500.webp,other
sleeper,https://i.ebayimg.com/images/g/IH0AAOSwXnZnKudg/s-l500.webp,other
sleeper,https://i.ebayimg.com/images/g/YxkAAeSwGspqR3Ck/s-l500.webp,other
sleeper,https://i.ebayimg.com/images/g/Qi0AAeSwSSBpxORy/s-l500.webp,other
sleeper,https://i.ebayimg.com/images/g/BBQAAOSw9plf~qb-/s-l500.webp,other
sleeper,https://i.ebayimg.com/images/g/gkIAAeSwdAJqo7jJ/s-l500.webp,other
sleeper,https://i.ebayimg.com/images/g/SJoAAeSwNIpqBsG8/s-l500.webp,other
sleeper,https://i.ebayimg.com/images/g/v~0AAeSwripqKu8b/s-l500.webp,other
sleeper,https://i.ebayimg.com/images/g/lggAAeSw5Vxqd2VZ/s-l500.webp,other
sleeper,https://i.ebayimg.com/images/g/LQcAAeSweEtqfrR1/s-l500.webp,other
sleeper,https://i.ebayimg.com/images/g/rKEAAeSwNF5qBsRF/s-l500.webp,other
sleeper,https://i.ebayimg.com/images/g/mE8AAeSwm5Bp-VxP/s-l500.webp,other
sleeper,https://i.ebayimg.com/images/g/Q-kAAeSwl5xp~Dw6/s-l500.webp,other
sleeper,https://i.ebayimg.com/images/g/OHsAAeSwoJhp-G9n/s-l500.webp,other
sleeper,https://i.ebayimg.com/images/g/a18AAeSwM89qjDA7/s-l500.webp,other
sleeper,https://i.ebayimg.com/images/g/nIwAAeSw1RFpVOcF/s-l500.webp,other
sleeper,https://i.ebayimg.com/images/g/l5oAAeSw~oJqYGF4/s-l500.webp,other
sleeper,https://i.ebayimg.com/images/g/h80AAeSwrd5qltyA/s-l500.webp,other
sleeper,https://i.ebayimg.com/images/g/AkUAAeSwIf9qmCmN/s-l500.webp,other
sleeper,https://i.ebayimg.com/images/g/TlQAAeSwKOdqBsIO/s-l500.webp,other
sleeper,https://i.ebayimg.com/images/g/AdgAAeSwZSxqHNv2/s-l500.webp,other
sleeper,https://i.ebayimg.com/images/g/CxQAAeSwVWFpdLar/s-l500.webp,other
sleeper,https://i.ebayimg.com/images/g/8wYAAeSwMttqVX3m/s-l500.webp,other
sleeper,https://i.ebayimg.com/images/g/BI0AAeSwwelqBsO5/s-l500.webp,other
sleeper,https://i.ebayimg.com/images/g/0mUAAeSwrdVpx6l9/s-l500.webp,other
sleeper,https://i.ebayimg.com/images/g/yEIAAeSwWz1p42q6/s-l500.webp,other
sleeper,https://i.ebayimg.com/images/g/CjMAAOSwXvhnKuZO/s-l500.webp,other
sleeper,https://i.ebayimg.com/images/g/Q~sAAeSw9XJqmCnH/s-l500.webp,other
sleeper,https://i.ebayimg.com/images/g/GRUAAOSwneJnTq99/s-l500.webp,other
sleeper,https://i.ebayimg.com/images/g/P4MAAeSwLodqK8TL/s-l500.webp,other
sleeper,https://i.ebayimg.com/images/g/8XoAAeSwzN5p~D1x/s-l500.webp,other
sleeper,https://i.ebayimg.com/images/g/FTAAAeSweFVp14sP/s-l500.webp,other
sleeper,https://i.ebayimg.com/images/g/75YAAOSwfYpn1VhQ/s-l500.webp,other
sleeper,https://i.ebayimg.com/images/g/pR0AAeSwRAVqmAZt/s-l500.webp,other
sleeper,https://i.ebayimg.com/images/g/T1wAAeSw7T5p~DvY/s-l500.webp,other
sleeper,https://i.ebayimg.com/images/g/r2gAAeSw8L9o2JNV/s-l500.webp,other
sleeper,https://i.ebayimg.com/images/g/LKwAAeSw2MxqabnW/s-l500.webp,other
sleeper,https://i.ebayimg.com/images/g/KBkAAeSw7ztp33QW/s-l500.webp,other
sleeper,https://i.ebayimg.com/images/g/bF0AAeSwgydpX1ow/s-l500.webp,other
sleeper,https://i.ebayimg.com/images/g/HgwAAeSwRQxqaEyU/s-l500.webp,other
sleeper,https://i.ebayimg.com/images/g/dfcAAeSwUUNpiOz8/s-l500.webp,other
sleeper,https://i.ebayimg.com/images/g/onkAAeSww5NqfWnS/s-l500.webp,other
sleeper,https://i.ebayimg.com/images/g/wnIAAeSwiBtqWEtJ/s-l500.webp,other
sleeper,https://i.ebayimg.com/images/g/IbwAAeSw7SlqmCmZ/s-l500.webp,other
sleeper,https://i.ebayimg.com/images/g/rQwAAeSwqn9qhpYm/s-l500.webp,other
sleeper,https://i.ebayimg.com/images/g/J4oAAeSwF4hoyd6g/s-l500.webp,drop
sleeper,https://i.ebayimg.com/images/g/~88AAeSwHO1qmCnI/s-l500.webp,other
sleeper,https://i.ebayimg.com/images/g/nPQAAeSwDjZqfWot/s-l500.webp,other
sleeper,https://i.ebayimg.com/images/g/XZEAAeSwPmNqAP0b/s-l500.webp,other
sleeper,https://i.ebayimg.com/images/g/booAAeSwcXdqarcl/s-l500.webp,other
sleeper,https://i.ebayimg.com/images/g/o5oAAeSwMXRqo7cB/s-l500.webp,other
sleeper,https://i.ebayimg.com/images/g/-08AAeSwXOZoYC0E/s-l500.webp,other
sleeper,https://i.ebayimg.com/images/g/4VMAAeSwZERqkYlb/s-l500.webp,other
sleeper,https://i.ebayimg.com/images/g/smEAAeSwtyNo2JQH/s-l500.webp,other
sleeper,https://i.ebayimg.com/images/g/WTgAAeSwcZxqmCmF/s-l500.webp,other
sleeper,https://i.ebayimg.com/images/g/fc4AAeSw6xpqkYmY/s-l500.webp,other
sleeper,https://i.ebayimg.com/images/g/WiQAAOSwdAtk2m69/s-l500.webp,other
sleeper,https://i.ebayimg.com/images/g/Sa8AAeSw~7pqjtva/s-l500.webp,other
sleeper,https://i.ebayimg.com/images/g/CP4AAeSw37Vp~D12/s-l500.webp,other
sleeper,https://i.ebayimg.com/images/g/rkYAAeSwzmFqaEfF/s-l500.webp,other
sleeper,https://i.ebayimg.com/images/g/OVIAAeSwwBxpoaGk/s-l500.webp,drop
sleeper,https://images.craigslist.org/00L0L_gf2ch2H1oYb_0CI0lM_600x450.jpg,other
sleeper,https://images.craigslist.org/00m0m_j3rX7JjOKGc_0hq0iM_600x450.jpg,other
sleeper,https://www.cpsc.gov/s3fs-public/RecalledRocknPlaySleeper.jpg,inclined_or_inbed_sleeper
sleeper,https://www.cpsc.gov/s3fs-public/Fisher-Price Rock N Play_1.jpg,inclined_or_inbed_sleeper
sleeper,https://www.cpsc.gov/s3fs-public/PageFiles.137775.13087a_large.jpg,inclined_or_inbed_sleeper
sleeper,https://www.cpsc.gov/s3fs-public/PageFiles.137777.13087b_large.jpg,inclined_or_inbed_sleeper
sleeper,https://www.cpsc.gov/s3fs-public/1-10283AM.png,inclined_or_inbed_sleeper
sleeper,https://www.cpsc.gov/s3fs-public/2-102838AM.png,inclined_or_inbed_sleeper
sleeper,https://www.cpsc.gov/s3fs-public/3-102845AM.png,inclined_or_inbed_sleeper
sleeper,https://www.cpsc.gov/s3fs-public/4-102853AM.png,inclined_or_inbed_sleeper
sleeper,https://www.cpsc.gov/s3fs-public/pic1_97.png,inclined_or_inbed_sleeper
sleeper,https://www.cpsc.gov/s3fs-public/pic2_82.png,inclined_or_inbed_sleeper
sleeper,https://www.cpsc.gov/s3fs-public/pic1_63.jpg,inclined_or_inbed_sleeper
sleeper,https://www.cpsc.gov/s3fs-public/pic2_51.jpg,inclined_or_inbed_sleeper
sleeper,https://www.cpsc.gov/s3fs-public/2_34.png,inclined_or_inbed_sleeper
sleeper,https://www.cpsc.gov/s3fs-public/1534_1.jpeg,inclined_or_inbed_sleeper
sleeper,https://www.cpsc.gov/s3fs-public/1534_2.jpeg,inclined_or_inbed_sleeper
sleeper,https://www.cpsc.gov/s3fs-public/blounge-1.jpg,inclined_or_inbed_sleeper
sleeper,https://www.cpsc.gov/s3fs-public/blounge-2.jpg,inclined_or_inbed_sleeper
sleeper,https://www.cpsc.gov/s3fs-public/blounge-3.jpg,inclined_or_inbed_sleeper
sleeper,https://www.cpsc.gov/s3fs-public/blounge-4.jpg,inclined_or_inbed_sleeper
sleeper,https://www.cpsc.gov/s3fs-public/blounge-5.jpg,inclined_or_inbed_sleeper
sleeper,https://i.ebayimg.com/images/g/osgAAeSwoZtqtVMp/s-l500.webp,inclined_or_inbed_sleeper
sleeper,https://i.ebayimg.com/images/g/Z1sAAeSwtPhqXqok/s-l500.webp,inclined_or_inbed_sleeper
sleeper,https://i.ebayimg.com/images/g/BgYAAeSw2aZqpV8m/s-l500.webp,inclined_or_inbed_sleeper
bumper,https://www.cpsc.gov/s3fs-public/SARO-1.png,crib_bumper
bumper,https://www.cpsc.gov/s3fs-public/SARO-2.png,crib_bumper
bumper,https://www.cpsc.gov/s3fs-public/RecalledLittlePeaShopCribBumpersWaffleBeddingAccessorygray.png,crib_bumper
bumper,https://www.cpsc.gov/s3fs-public/RecalledLittlePeaShopCribBumpersWaffleBeddingAccessory.png,crib_bumper
bumper,https://www.cpsc.gov/s3fs-public/RecalledLittlePeaShopCribBumpersPlushCribBumper.png,crib_bumper
bumper,https://www.cpsc.gov/s3fs-public/aug-1.jpg,crib_bumper
bumper,https://www.cpsc.gov/s3fs-public/cribB-1.png,crib_bumper
bumper,https://www.cpsc.gov/s3fs-public/cribB-2.jpg,crib_bumper
bumper,https://www.cpsc.gov/s3fs-public/crib-bumper.png,crib_bumper
bumper,https://www.cpsc.gov/s3fs-public/bumper-teddy-bear.png,crib_bumper
bumper,https://www.cpsc.gov/s3fs-public/bumper-clouds.png,crib_bumper
bumper,https://www.cpsc.gov/s3fs-public/bumper-light-pink.JPG,crib_bumper
bumper,https://www.cpsc.gov/s3fs-public/bumper-white.JPG,crib_bumper
bumper,https://www.cpsc.gov/s3fs-public/image003_0.jpg,crib_bumper
bumper,https://www.cpsc.gov/s3fs-public/image005.jpg,crib_bumper
bumper,https://www.cpsc.gov/s3fs-public/image007.jpg,crib_bumper
bumper,https://www.cpsc.gov/s3fs-public/image009.jpg,crib_bumper
bumper,https://www.cpsc.gov/s3fs-public/image011.jpg,crib_bumper
bumper,https://www.cpsc.gov/s3fs-public/image013.jpg,crib_bumper
bumper,https://www.cpsc.gov/s3fs-public/image015.jpg,crib_bumper
bumper,https://www.cpsc.gov/s3fs-public/image017.jpg,crib_bumper
bumper,https://www.cpsc.gov/s3fs-public/image019.jpg,crib_bumper
bumper,https://www.cpsc.gov/s3fs-public/image021.jpg,crib_bumper
bumper,https://www.cpsc.gov/s3fs-public/image023.jpg,crib_bumper
bumper,https://www.cpsc.gov/s3fs-public/image025.png,crib_bumper
bumper,https://www.cpsc.gov/s3fs-public/image026.jpg,crib_bumper
bumper,https://www.cpsc.gov/s3fs-public/image028.jpg,crib_bumper
bumper,https://www.cpsc.gov/s3fs-public/image030.jpg,crib_bumper
bumper,https://www.cpsc.gov/s3fs-public/image031.jpg,crib_bumper
bumper,https://www.cpsc.gov/s3fs-public/image033.jpg,crib_bumper
bumper,https://www.cpsc.gov/s3fs-public/image035.jpg,crib_bumper
bumper,https://www.cpsc.gov/s3fs-public/image037.jpg,crib_bumper
bumper,https://www.cpsc.gov/s3fs-public/image039.jpg,crib_bumper
bumper,https://www.cpsc.gov/s3fs-public/image041.jpg,crib_bumper
bumper,https://www.cpsc.gov/s3fs-public/image043.jpg,crib_bumper
bumper,https://www.cpsc.gov/s3fs-public/image044.jpg,crib_bumper
bumper,https://www.cpsc.gov/s3fs-public/image046.jpg,crib_bumper
bumper,https://www.cpsc.gov/s3fs-public/image048.jpg,crib_bumper
bumper,https://www.cpsc.gov/s3fs-public/image050.jpg,crib_bumper
bumper,https://www.cpsc.gov/s3fs-public/aug-2.png,drop
bumper,https://www.cpsc.gov/s3fs-public/image052.jpg,crib_bumper
bumper,https://www.cpsc.gov/s3fs-public/image053.jpg,crib_bumper
bumper,https://www.cpsc.gov/s3fs-public/image055.jpg,crib_bumper
bumper,https://www.cpsc.gov/s3fs-public/image057.jpg,crib_bumper
bumper,https://www.cpsc.gov/s3fs-public/image059.jpg,crib_bumper
bumper,https://www.cpsc.gov/s3fs-public/image061.jpg,crib_bumper
bumper,https://www.cpsc.gov/s3fs-public/RecalledpaddedcribbumpersNO1.jpg,crib_bumper
bumper,https://www.cpsc.gov/s3fs-public/RecalledpaddedcribbumpersNO2.jpg,crib_bumper
bumper,https://www.cpsc.gov/s3fs-public/pic1_22.jpg,crib_bumper
bumper,https://www.cpsc.gov/s3fs-public/Recall.2013.13204.1-13204%2520Bumper%2520Interior%2520LARGE.jpg,crib_bumper
bumper,https://www.cpsc.gov/s3fs-public/Recall.2013.13204.2-13204%2520Bumper%2520Exterior%2520LARGE.jpg,crib_bumper
bumper,https://www.cpsc.gov/s3fs-public/Recall.2013.13204.4-13204%2520OtherTags%2520LARGE.jpg,crib_bumper
bumper,https://www.cpsc.gov/~/link/b9d2abcaec7549678a2296fbc06d89d6.jpg,crib_bumper
bumper,https://www.cpsc.gov/~/link/92b3f6f8f3424279a7fbda29dcefd47b.jpg,crib_bumper
bumper,https://www.cpsc.gov/s3fs-public/Baofali-crib-1.png,crib_bumper
bumper,https://www.cpsc.gov/s3fs-public/Baofali-crib-2.png,crib_bumper
bumper,https://www.cpsc.gov/s3fs-public/Baofali-crib-3.png,crib_bumper
bumper,https://i.ebayimg.com/images/g/ZWUAAeSwnKhqOJXl/s-l500.webp,crib_bumper
bumper,https://i.ebayimg.com/images/g/MrAAAeSwURlpRNtd/s-l500.webp,other
bumper,https://i.ebayimg.com/images/g/lj8AAeSwvSpp~Pnc/s-l500.webp,other
bumper,https://www.cpsc.gov/s3fs-public/image064.jpg,drop
bumper,https://www.cpsc.gov/s3fs-public/Recall.2013.13204.3-13204%2520Date%2520CodeTag%2520LARGE.jpg,drop
bumper,https://i.ebayimg.com/images/g/IQoAAeSwh3NqkO3I/s-l500.webp,drop
bumper,https://i.ebayimg.com/images/g/bPQAAeSwRR1qodz4/s-l500.webp,drop
bumper,https://i.ebayimg.com/images/g/1QgAAeSwLhlnucAc/s-l500.webp,drop
bumper,https://i.ebayimg.com/images/g/X1IAAOSwOYlnv3FA/s-l500.webp,drop
bumper,https://i.ebayimg.com/images/g/JjMAAeSw9tNqtYXl/s-l500.webp,drop
bumper,https://i.ebayimg.com/images/g/d9sAAeSwg1JpESDZ/s-l500.webp,drop
bumper,https://i.ebayimg.com/images/g/rVIAAOSw3MJhwfze/s-l500.webp,drop
bumper,https://i.ebayimg.com/images/g/IgsAAeSwsVVoK4CE/s-l500.webp,drop
bumper,https://i.ebayimg.com/images/g/Rt4AAeSw7QVqoNHU/s-l500.webp,drop
bumper,https://i.ebayimg.com/images/g/GSQAAeSweHpowOqI/s-l500.webp,drop
bumper,https://i.ebayimg.com/images/g/7XIAAOSweANgQ-BU/s-l500.webp,drop
bumper,https://i.ebayimg.com/images/g/B1MAAOSwgtlm7ZFx/s-l500.webp,drop
bumper,https://i.ebayimg.com/images/g/QaIAAeSwfyhqOV9Y/s-l500.webp,drop
bumper,https://i.ebayimg.com/images/g/n8AAAeSw-R1oYSk5/s-l500.webp,drop
bumper,https://i.ebayimg.com/images/g/NKsAAOSwvgdhKwY8/s-l500.webp,drop
bumper,https://i.ebayimg.com/images/g/Y7MAAeSwHTZpdryR/s-l500.webp,drop
bumper,https://i.ebayimg.com/images/g/hV0AAeSwP-hqqB1C/s-l500.webp,drop
bumper,https://i.ebayimg.com/images/g/iOoAAOSwhdBk5ROd/s-l500.webp,drop
bumper,https://i.ebayimg.com/images/g/1-AAAeSwKzJp~Pna/s-l500.webp,other
bumper,https://i.ebayimg.com/images/g/NkMAAOSwYHhoOakJ/s-l500.webp,other
bumper,https://i.ebayimg.com/images/g/yLMAAOSwxg9oUWtN/s-l500.webp,other
bumper,https://i.ebayimg.com/images/g/cfEAAeSwrqNpuocr/s-l500.webp,other
bumper,https://i.ebayimg.com/images/g/AdUAAOSw6jJkdFMr/s-l500.webp,other
bumper,https://i.ebayimg.com/images/g/Y6QAAeSwPaJp-0M9/s-l500.webp,other
bumper,https://i.ebayimg.com/images/g/sj4AAeSwJD5oX2rB/s-l500.webp,other
bumper,https://i.ebayimg.com/images/g/1aMAAeSwURJprwIh/s-l500.webp,drop
bumper,https://i.ebayimg.com/images/g/olMAAOSwRBJmb3xt/s-l500.webp,drop
bumper,https://i.ebayimg.com/images/g/tWMAAeSwiP9pj6fm/s-l500.webp,drop
bumper,https://i.ebayimg.com/images/g/K70AAeSwYmdqKC89/s-l500.webp,drop
bumper,https://i.ebayimg.com/images/g/HJ4AAeSw8s5plfDN/s-l500.webp,drop
bumper,https://i.ebayimg.com/images/g/3BkAAeSwe69p7mwo/s-l500.webp,drop
bumper,https://i.ebayimg.com/images/g/-SUAAOSw0lFlPKMu/s-l500.webp,drop
bumper,https://i.ebayimg.com/images/g/I3IAAeSwArRqLuQF/s-l500.webp,drop
bumper,https://i.ebayimg.com/images/g/L~EAAOSwNkdlr5qQ/s-l500.webp,drop
bumper,https://i.ebayimg.com/images/g/RUEAAOSwoq5mPALv/s-l500.webp,drop
bumper,https://i.ebayimg.com/images/g/GJcAAOSwevhlDhKG/s-l500.webp,drop
bumper,https://i.ebayimg.com/images/g/CK0AAeSw46Foo1JO/s-l500.webp,drop
bumper,https://i.ebayimg.com/images/g/gK4AAOSw5JNgwQkM/s-l500.webp,drop
bumper,https://i.ebayimg.com/images/g/zqoAAOSw9mpaR5hh/s-l500.webp,drop
bumper,https://i.ebayimg.com/images/g/a9UAAOSwVulmAGpc/s-l500.webp,drop
bumper,https://i.ebayimg.com/images/g/nVsAAeSwUPBqKZ-5/s-l500.webp,drop
bumper,https://i.ebayimg.com/images/g/K9gAAeSwFINow5Ee/s-l500.webp,drop
bumper,https://i.ebayimg.com/images/g/lVkAAeSwcxBpp3zF/s-l500.webp,drop
bumper,https://i.ebayimg.com/images/g/Ds8AAeSwWi9p8~Di/s-l500.webp,drop
bumper,https://i.ebayimg.com/images/g/TUkAAeSwhS1oQ2az/s-l500.webp,drop
bumper,https://i.ebayimg.com/images/g/hcUAAOSwJcxlocVu/s-l500.webp,drop
bumper,https://i.ebayimg.com/images/g/q08AAOSw8ZNjgam5/s-l500.webp,drop
bumper,https://i.ebayimg.com/images/g/2WwAAeSwYf1owiAs/s-l500.webp,drop
bumper,https://i.ebayimg.com/images/g/o6sAAOSwy0xi4uVW/s-l500.webp,drop
bumper,https://i.ebayimg.com/images/g/sGYAAeSw6ENo~iSE/s-l500.webp,drop
bumper,https://i.ebayimg.com/images/g/VsoAAeSwRrRqqJqC/s-l500.webp,drop
bumper,https://i.ebayimg.com/images/g/Rl4AAeSwGgJqDUTh/s-l500.webp,drop
bumper,https://i.ebayimg.com/images/g/kscAAeSwarlqGKt~/s-l500.webp,drop
bumper,https://i.ebayimg.com/images/g/Zo8AAOSwWshmjJUz/s-l500.webp,drop
bumper,https://i.ebayimg.com/images/g/vncAAOSwESVgldW6/s-l500.webp,drop
bumper,https://i.ebayimg.com/images/g/GkgAAOSwBlhlHcpw/s-l500.webp,drop
bumper,https://i.ebayimg.com/images/g/AYQAAOSwtyxej9Y2/s-l500.webp,drop
bumper,https://i.ebayimg.com/images/g/nC4AAOSwvOdglIbQ/s-l500.webp,drop
bumper,https://i.ebayimg.com/images/g/GbEAAeSwzj5pyYH4/s-l500.webp,other
bumper,https://i.ebayimg.com/images/g/ZVMAAeSwmc1qEvYj/s-l500.webp,other
bumper,https://i.ebayimg.com/images/g/q48AAOSwF5dfju7Y/s-l500.webp,drop
bumper,https://i.ebayimg.com/images/g/Q-UAAOSwsR5kePAf/s-l500.webp,drop
bumper,https://i.ebayimg.com/images/g/ybUAAOSw1BlZP0RY/s-l500.webp,drop
bumper,https://i.ebayimg.com/images/g/4ZEAAOSwECdmN3tq/s-l500.webp,drop
bumper,https://i.ebayimg.com/images/g/qygAAeSwjhdogYFC/s-l500.webp,drop
bumper,https://i.ebayimg.com/images/g/vesAAOSwA9RkI34d/s-l500.webp,drop
dropside,https://www.cpsc.gov/s3fs-public/Recall.2013.13151a.jpg,drop_side_crib
dropside,https://www.cpsc.gov/s3fs-public/Recall.2013.13151b.jpg,drop
dropside,https://www.cpsc.gov/s3fs-public/Recall.2013.13151c.jpg,drop_side_crib
dropside,https://www.cpsc.gov/s3fs-public/Recall.2013.13151d.jpg,drop
dropside,https://www.cpsc.gov/s3fs-public/Recall.2012.12148.12148a.jpg,drop_side_crib
dropside,https://www.cpsc.gov/s3fs-public/Recall.2012.12148.12148b.jpg,drop_side_crib
dropside,https://www.cpsc.gov/s3fs-public/Recall.2012.12148.12148c.jpg,drop_side_crib
dropside,https://www.cpsc.gov/s3fs-public/Recall.2012.12148.12148d.jpg,drop_side_crib
dropside,https://www.cpsc.gov/s3fs-public/Recall.2012.12148.12148e.jpg,drop_side_crib
dropside,https://www.cpsc.gov/s3fs-public/Recall.2012.12148.12148f.jpg,drop_side_crib
dropside,https://www.cpsc.gov/s3fs-public/Recall.2012.12032.12032a.jpg,drop
dropside,https://www.cpsc.gov/s3fs-public/Recall.2012.12032.12032b.jpg,drop_side_crib
dropside,https://www.cpsc.gov/s3fs-public/Recall.2012.12032.12032c.jpg,drop_side_crib
dropside,https://www.cpsc.gov/s3fs-public/Recall.2012.12032.12032d.jpg,drop_side_crib
dropside,https://www.cpsc.gov/s3fs-public/Recall.2012.12032.12032e.jpg,drop_side_crib
dropside,https://www.cpsc.gov/s3fs-public/Recall.2012.12032.12032f.jpg,drop_side_crib
dropside,https://www.cpsc.gov/s3fs-public/Recall.2012.12032.12032g.jpg,drop_side_crib
dropside,https://www.cpsc.gov/s3fs-public/Recall.2012.12032.12032h.jpg,drop_side_crib
dropside,https://www.cpsc.gov/s3fs-public/Recall.2012.12032.12032i.jpg,drop_side_crib
dropside,https://www.cpsc.gov/s3fs-public/Recall.2012.12003.12003a.jpg,drop_side_crib
dropside,https://www.cpsc.gov/s3fs-public/Recall.2012.12003.12003b.jpg,drop_side_crib
dropside,https://www.cpsc.gov/s3fs-public/Recall.2011.11343.11343a.jpg,drop_side_crib
dropside,https://www.cpsc.gov/s3fs-public/Recall.2011.11343.11343b.jpg,drop_side_crib
dropside,https://www.cpsc.gov/s3fs-public/Recall.2011.11343.11343c.jpg,drop_side_crib
dropside,https://www.cpsc.gov/s3fs-public/Recall.2011.11224.11224a.jpg,drop_side_crib
dropside,https://www.cpsc.gov/s3fs-public/Recall.2011.11224.11224b.jpg,drop_side_crib
dropside,https://www.cpsc.gov/s3fs-public/delta1.jpeg,drop_side_crib
dropside,https://www.cpsc.gov/s3fs-public/delta.jpeg,drop
dropside,https://www.cpsc.gov/s3fs-public/Recall.2011.11048.11048a.jpg,drop_side_crib
dropside,https://www.cpsc.gov/s3fs-public/Recall.2011.11048.11048b.jpg,drop_side_crib
dropside,https://www.cpsc.gov/s3fs-public/Recall.2011.11048.11048c.jpg,drop
dropside,https://www.cpsc.gov/s3fs-public/Recall.2011.11048.11048d.jpg,drop
dropside,https://www.cpsc.gov/s3fs-public/Recall.2011.11019.11019a.jpg,drop_side_crib
dropside,https://www.cpsc.gov/s3fs-public/Recall.2011.11019.11019b.jpg,drop_side_crib
dropside,https://www.cpsc.gov/s3fs-public/Recall.2011.11018.11018.jpg,drop_side_crib
dropside,https://www.cpsc.gov/s3fs-public/heritage-crib-1.jpg,drop_side_crib
dropside,https://www.cpsc.gov/s3fs-public/heritage-crib-2.jpg,drop_side_crib
dropside,https://www.cpsc.gov/s3fs-public/heritage-crib-3.jpg,drop
dropside,https://www.cpsc.gov/s3fs-public/Recall.2011.11005.11005a.jpg,drop_side_crib
dropside,https://www.cpsc.gov/s3fs-public/Recall.2011.11005.11005b.jpg,drop_side_crib
dropside,https://www.cpsc.gov/s3fs-public/Recall.2011.11005.11005c.jpg,drop_side_crib
dropside,https://www.cpsc.gov/~/link/962d6af21bc9493cb19bc089fdad95b6.jpg,drop_side_crib
dropside,https://www.cpsc.gov/~/link/ec6112bd6dc647afb2ecc1156fe9251b.jpg,drop_side_crib
dropside,https://www.cpsc.gov/~/link/ad0e768444404825b5afe0d21ff52ed8.jpg,drop_side_crib
dropside,https://www.cpsc.gov/~/link/b50950bfbefe4926a562b6931a8319d2.jpg,drop_side_crib
dropside,https://www.cpsc.gov/~/link/818ba618a13f4097b2aff250d0a2713d.jpg,drop_side_crib
dropside,https://www.cpsc.gov/~/link/9716f6fac0574b379a7fa068a19b9113.jpg,drop_side_crib
dropside,https://www.cpsc.gov/~/link/af0192c80a80415a8e41a3b31631d949.jpg,drop
dropside,https://www.cpsc.gov/~/link/c3d2f55748bf4d98bdc893d88484d25d.jpg,drop
dropside,https://www.cpsc.gov/~/link/acefd01bed8c49b3a2d94a19cb171e74.jpg,drop
dropside,https://www.cpsc.gov/~/link/d0d7a383435141428adb92b95818f981.jpg,drop
dropside,https://www.cpsc.gov/~/link/ac8d782848ba42308972fc8fbb71bffd.jpg,drop
dropside,https://www.cpsc.gov/~/link/3532db0c0d704f7ebc0a8875c2a7886c.jpg,drop
dropside,https://www.cpsc.gov/~/link/b8e92ad95ee34f24baa15fa5e67e8f5d.jpg,drop
dropside,https://www.cpsc.gov/~/link/2aa1c23c542940a38acea0b2cd17b1cc.jpg,drop
dropside,https://www.cpsc.gov/~/link/b6ff4cdeab84466bba2a5d1f99180c60.jpg,drop_side_crib
dropside,https://www.cpsc.gov/~/link/7c246e69eda941b8bec06ac5607fd139.jpg,drop
dropside,https://www.cpsc.gov/~/link/8135ad8ac6704d5793c4d4f56dbae2ae.jpg,drop
dropside,https://www.cpsc.gov/~/link/96602f47d6824a919969d8908da0ec47.jpg,drop
dropside,https://www.cpsc.gov/~/link/b714bb41c62a49f3aacdc8838f157e13.jpg,drop_side_crib
dropside,https://www.cpsc.gov/~/link/43232ee5264446a99fda55ae2ce804e7.jpg,drop_side_crib
dropside,https://www.cpsc.gov/~/link/5756e6b0945648e785d27780fb80892b.jpg,drop_side_crib
dropside,https://www.cpsc.gov/~/link/6326bfd2ca5e4793b38f68c9c4c8ba60.jpg,drop_side_crib
dropside,https://www.cpsc.gov/~/link/928f6e3fc4084fafb9cc47e352765da7.jpg,drop_side_crib
dropside,https://www.cpsc.gov/~/link/f4015defab1b43bdb0a80b8e4e24e850.jpg,drop_side_crib
dropside,https://www.cpsc.gov/~/link/c70b830b41c94e4a9b5b37eb5dc6c430.jpg,drop_side_crib
dropside,https://www.cpsc.gov/~/link/4434615937ce44dcb9c72c8111ccc227.jpg,drop_side_crib
dropside,https://www.cpsc.gov/~/link/a553a55789e74b689c275d05df5dfef5.jpg,drop_side_crib
dropside,https://www.cpsc.gov/~/link/18c2cefd1dfd46c0ba7d2816c93cf2f2.jpg,drop_side_crib
dropside,https://www.cpsc.gov/~/link/8c8a1c5dabd248ed99439f4bf57e5137.jpg,drop_side_crib
dropside,https://www.cpsc.gov/~/link/a44719e72ebe4d3f8ee6f5a5419a9f4e.jpg,drop_side_crib
dropside,https://www.cpsc.gov/~/link/dc0cbbb4778842cda24c9c2523815af8.jpg,drop_side_crib
dropside,https://www.cpsc.gov/~/link/484e7cbe9f154bc889640004d0fd575f.jpg,drop_side_crib
dropside,https://www.cpsc.gov/~/link/9807aa2f377a4796bf17fc51dc2ff247.jpg,drop_side_crib
dropside,https://www.cpsc.gov/~/link/1315e6d43f284d27b1153066b8f88c0d.jpg,drop_side_crib
dropside,https://www.cpsc.gov/~/link/00a63a47f0d8447ca01fa6fdb61bf62c.jpg,drop_side_crib
dropside,https://www.cpsc.gov/~/link/6ee5b4c295fd4c01808dfaba69d24ff1.jpg,drop_side_crib
dropside,https://www.cpsc.gov/~/link/057a36e9b456446d8792d903be69d9ab.jpg,drop_side_crib
dropside,https://www.cpsc.gov/~/link/210348104d1643d2a018e590b539b8cc.jpg,drop_side_crib
dropside,https://www.cpsc.gov/~/link/bc79091f2ebf49269f33e439565ccbaa.jpg,drop_side_crib
dropside,https://www.cpsc.gov/~/link/7b190a085a904f32812b31f8737f9dfe.jpg,drop_side_crib
dropside,https://www.cpsc.gov/~/link/5e6021d36697422b9c7d1b48664cbdd8.jpg,drop_side_crib
dropside,https://www.cpsc.gov/~/link/454b9eeb42474bbdacb5e21dd1fe5883.jpg,drop
dropside,https://www.cpsc.gov/~/link/fd869a31ca7d45349b2d83ba6f1b38dc.jpg,drop
dropside,https://www.cpsc.gov/~/link/36addeacca0a42fca27b6176187a7451.jpg,drop
dropside,https://www.cpsc.gov/~/link/5f5bfc4daf7246eda9cf59c9c27ef014.jpg,drop_side_crib
dropside,https://www.cpsc.gov/~/link/38650c6289ea46029ea6298ea6c258ab.jpg,drop
dropside,https://www.cpsc.gov/~/link/9a0d5db3de1d4a8d85a9e35049137e7b.jpg,drop_side_crib
dropside,https://www.cpsc.gov/~/link/79995f7b1c794f14b308f77b235b2719.jpg,drop
dropside,https://www.cpsc.gov/~/link/bf290c660c7a4d6793b8b74eebd54338.jpg,drop_side_crib
dropside,https://www.cpsc.gov/~/link/56c1f59817d64fc5b0e5f629995698b8.jpg,drop
dropside,https://www.cpsc.gov/~/link/105ae86ff00040999b6b6e391f7c79a6.jpg,drop
dropside,https://www.cpsc.gov/~/link/1a1014b3aae04716a0f292bc0d82da86.jpg,drop
dropside,https://www.cpsc.gov/~/link/1cc6bbf1dab84e73a76cfecdc6f92ca9.jpg,drop
dropside,https://www.cpsc.gov/~/link/f6b75592853d4f17b759c7e65f58b949.jpg,drop
dropside,https://www.cpsc.gov/~/link/f138fdebfde74ae19bd1e6b020382793.jpg,drop_side_crib
dropside,https://www.cpsc.gov/~/link/eebb3bdace4d4406b260459f8c4ca741.jpg,drop_side_crib
dropside,https://www.cpsc.gov/s3fs-public/LaJobi-crib.jpg,drop_side_crib
dropside,https://www.cpsc.gov/~/link/3ee3af2fd46c449e863acd9abaffa874.jpg,drop_side_crib
dropside,https://www.cpsc.gov/~/link/5be55e753a164e3ead7f6ec9e67694a7.jpg,drop_side_crib
dropside,https://www.cpsc.gov/~/link/b9afd6f261434cd79b6a1a3528983721.jpg,drop_side_crib
dropside,https://www.cpsc.gov/~/link/b17a777eab2245ac8bfb6fbe14b849f5.jpg,drop_side_crib
dropside,https://www.cpsc.gov/~/link/0055bec113564443a957a160df836b6a.jpg,drop_side_crib
dropside,https://www.cpsc.gov/~/link/11dc23d26e114ed3b718f85b91e2a5aa.jpg,drop_side_crib
dropside,https://www.cpsc.gov/~/link/b0a23986e42b44f78bb869a71512c8a0.jpg,drop_side_crib
dropside,https://www.cpsc.gov/~/link/f20d7ec595744ce7b393a05ff586ec86.jpg,drop_side_crib
dropside,https://www.cpsc.gov/~/link/d9e60ef32ecc49148a5e2df0497add57.jpg,drop_side_crib
dropside,https://www.cpsc.gov/~/link/8171438e6f744ac4887658a2a30574e5.jpg,drop
dropside,https://www.cpsc.gov/~/link/1de3bf896b474886ab997fa7df1186a5.jpg,drop
dropside,https://www.cpsc.gov/~/link/36d615be06d44aceae81e493d72a5e89.jpg,drop
dropside,https://www.cpsc.gov/~/link/06c3a135ebba4e03b090e37dadb962e3.jpg,drop
dropside,https://www.cpsc.gov/~/link/163d2a358213428cb7bff197f5ae3f90.jpg,drop_side_crib
dropside,https://www.cpsc.gov/~/link/fb6db06813c5461bbef421bed8139a31.jpg,drop
dropside,https://www.cpsc.gov/~/link/370efce23ffa4e8988205fd4aa1218ac.jpg,drop
dropside,https://www.cpsc.gov/~/link/5807f7ad96ab485c97158a2f7161e773.jpg,drop
dropside,https://www.cpsc.gov/~/link/ffe5c1d522ce42348153da46febb193b.jpg,drop_side_crib
dropside,https://www.cpsc.gov/~/link/59dca3ecd0a74c9183fb79789a1a2bb3.jpg,drop
dropside,https://www.cpsc.gov/~/link/f3c7f293822a4718bf6dfb63f596e20a.jpg,drop
dropside,https://www.cpsc.gov/~/link/b8a192fe164746c7a7646c24b9e32717.jpg,drop
dropside,https://www.cpsc.gov/~/link/6438a425deae42afb8990d11261f8876.jpg,drop
dropside,https://i.ebayimg.com/images/g/urIAAeSwCDZqEQKA/s-l500.webp,drop
dropside,https://i.ebayimg.com/images/g/HzUAAeSwG3xqB7pQ/s-l500.webp,drop_side_crib
dropside,https://i.ebayimg.com/images/g/I-MAAeSwvLlqsxXs/s-l500.webp,drop
dropside,https://i.ebayimg.com/images/g/BG4AAeSwkNxqgME4/s-l500.webp,drop_side_crib
dropside,https://i.ebayimg.com/images/g/x8UAAeSwyedqdNCe/s-l500.webp,drop_side_crib
dropside,https://i.ebayimg.com/images/g/w7wAAeSw3d1pREM1/s-l500.webp,drop_side_crib
dropside,https://i.ebayimg.com/images/g/4h4AAeSwbK5paW93/s-l500.webp,drop
dropside,https://i.ebayimg.com/images/g/hJEAAeSw8QJqamvy/s-l500.webp,drop
dropside,https://i.ebayimg.com/images/g/RI4AAeSw8xZpP0aT/s-l500.webp,drop
dropside,https://i.ebayimg.com/images/g/A-EAAOSwZaJhXy30/s-l500.webp,drop
dropside,https://i.ebayimg.com/images/g/GxkAAeSwM2lqiIgL/s-l500.webp,drop_side_crib
dropside,https://i.ebayimg.com/images/g/OygAAeSw~D5qour-/s-l500.webp,drop
dropside,https://i.ebayimg.com/images/g/D8YAAOSwrjNkLMq~/s-l500.webp,drop_side_crib
dropside,https://i.ebayimg.com/images/g/EBoAAeSwd3dqeNgK/s-l500.webp,drop
dropside,https://i.ebayimg.com/images/g/oRYAAOSwQi9j13qr/s-l500.webp,drop
dropside,https://i.ebayimg.com/images/g/4P8AAeSw8VdpgguM/s-l500.webp,drop
dropside,https://i.ebayimg.com/images/g/A~EAAOSwrvdgwqee/s-l500.webp,drop
dropside,https://i.ebayimg.com/images/g/JjcAAeSw7ghqHacM/s-l500.webp,drop
dropside,https://i.ebayimg.com/images/g/JVYAAeSw2HNo-Q1U/s-l500.webp,drop
dropside,https://i.ebayimg.com/images/g/xJgAAOSwbN1k9SC3/s-l500.webp,drop
dropside,https://i.ebayimg.com/images/g/yJ8AAOSwphRmY943/s-l500.webp,drop
dropside,https://i.ebayimg.com/images/g/BaAAAeSwyQNoyEtQ/s-l500.webp,drop
dropside,https://i.ebayimg.com/images/g/XrAAAOSwwRplFy71/s-l500.webp,drop_side_crib
dropside,https://i.ebayimg.com/images/g/H3wAAOSwuHFnvSlu/s-l500.webp,drop
dropside,https://i.ebayimg.com/images/g/lQIAAeSwtLJpBoXu/s-l500.webp,drop
dropside,https://i.ebayimg.com/images/g/RkEAAeSwwaBokDLS/s-l500.webp,drop
dropside,https://i.ebayimg.com/images/g/wtYAAOSwtQ9mu5rk/s-l500.webp,drop
dropside,https://i.ebayimg.com/images/g/130AAeSwsEpqtCnH/s-l500.webp,drop
dropside,https://i.ebayimg.com/images/g/Tp0AAeSwRQxqXh2L/s-l500.webp,drop
sleeper,https://i.ebayimg.com/images/g/eAYAAeSwqhxqRMcN/s-l500.webp,drop
sleeper,https://i.ebayimg.com/images/g/VS0AAOSwBLlU~kNV/s-l500.webp,other
sleeper,https://images.craigslist.org/00P0P_dxEiyDKalIX_0hw0nm_600x450.jpg,inclined_or_inbed_sleeper
dropside,https://images.craigslist.org/00L0L_8xE45MF8TIl_0CI0lJ_600x450.jpg,other
dropside,https://images.craigslist.org/00404_9xVNchy4hwH_0gl0t2_600x450.jpg,other
other,https://images.craigslist.org/00r0r_9o7bKbGBErb_0li0so_600x450.jpg,other
other,https://i.ebayimg.com/images/g/shEAAeSwdIRqsYi5/s-l500.webp,other
other,https://i.ebayimg.com/images/g/wZwAAeSwknFqcN2W/s-l500.webp,other
other,https://images.craigslist.org/01010_f0HvTqIx3wH_06U07w_600x450.jpg,other
other,https://i.ebayimg.com/images/g/rFwAAOSwfwtaiKoX/s-l500.webp,other
other,https://images.craigslist.org/00g0g_7oKTLsJI3qG_0pO0CI_600x450.jpg,other
other,https://i.ebayimg.com/images/g/hFMAAOSwrudm04aM/s-l500.webp,other
other,https://images.craigslist.org/00z0z_841m3D83VaV_0t20CI_600x450.jpg,other
other,https://images.craigslist.org/00707_je2oR6LkMYz_0iM0t2_600x450.jpg,other
other,https://i.ebayimg.com/images/g/A2QAAeSw~RxqBMUe/s-l500.webp,other
other,https://images.craigslist.org/00o0o_6JCTYgcCJzX_0kE0fu_600x450.jpg,other
other,https://images.craigslist.org/00j0j_kPOQXlPAwHZ_0t20CI_600x450.jpg,other
other,https://i.ebayimg.com/images/g/-yUAAeSwkxpopy6h/s-l500.webp,other
other,https://i.ebayimg.com/images/g/m4YAAeSwy~poRyHz/s-l500.webp,other
other,https://images.craigslist.org/00H0H_jBhuLhZqz4r_06V0af_600x450.jpg,other
other,https://i.ebayimg.com/images/g/5TQAAeSwzDRqbo-M/s-l500.webp,other
other,https://i.ebayimg.com/images/g/QzoAAOSwx2BcaKWX/s-l500.webp,other
other,https://images.craigslist.org/01515_bfDhaipDucl_07K0ak_600x450.jpg,other
other,https://images.craigslist.org/00c0c_hcmq6xLp7Nf_0cU08B_600x450.jpg,other
other,https://images.craigslist.org/00101_a4dZMtRRLWi_0CI0t2_600x450.jpg,other
other,https://i.ebayimg.com/images/g/8uAAAeSwww5qX756/s-l500.webp,other
other,https://images.craigslist.org/00707_6zrHJFrezoZ_0lN0CI_600x450.jpg,other
other,https://images.craigslist.org/00C0C_80dkwwkqeeM_0CI0sI_600x450.jpg,other
other,https://images.craigslist.org/00j0j_hzzQl03EMql_06v08M_600x450.jpg,other
other,https://i.ebayimg.com/images/g/2l0AAeSwy-Zql0PC/s-l500.webp,other
other,https://i.ebayimg.com/images/g/-GcAAeSwZZBqF3J7/s-l500.webp,other
other,https://i.ebayimg.com/images/g/AEUAAeSw-RRprCTZ/s-l500.webp,other
other,https://i.ebayimg.com/images/g/uJMAAeSwsqlqf4Hi/s-l500.webp,other
other,https://i.ebayimg.com/images/g/dJgAAeSwPgVqihmj/s-l500.webp,other
other,https://i.ebayimg.com/images/g/N2kAAeSwSg9qsFZw/s-l500.webp,other
other,https://images.craigslist.org/00i0i_ajWkjIfdfal_0t20CI_600x450.jpg,other
other,https://images.craigslist.org/00z0z_cfGAvAJO5VB_0kE0kE_600x450.jpg,other
other,https://i.ebayimg.com/images/g/nWYAAeSwamhqqQsZ/s-l500.webp,other
other,https://images.craigslist.org/01111_6OGnYeXq2XX_0CI0t2_600x450.jpg,other
other,https://i.ebayimg.com/images/g/VqAAAeSwE-lo9s6R/s-l500.webp,other
other,https://i.ebayimg.com/images/g/GT4AAeSwhuhpTY3A/s-l500.webp,other
other,https://i.ebayimg.com/images/g/fiEAAeSw8xZpSZmn/s-l500.webp,other
other,https://i.ebayimg.com/images/g/L94AAeSwlKlqB5p5/s-l500.webp,other
other,https://images.craigslist.org/01515_b0KDArlubjZ_0gl0t2_600x450.jpg,other
other,https://images.craigslist.org/00h0h_4iEG4FJb3vi_04805t_600x450.jpg,other
other,https://i.ebayimg.com/images/g/NPAAAeSwi69p69q5/s-l500.webp,drop
other,https://i.ebayimg.com/images/g/TrkAAeSw6tJqMG2V/s-l500.webp,other
other,https://i.ebayimg.com/images/g/w1MAAeSwz6xpencZ/s-l500.webp,other
other,https://i.ebayimg.com/images/g/DFAAAOSwkctgfxdH/s-l500.webp,other
other,https://i.ebayimg.com/images/g/-6QAAeSwm6tqgJXZ/s-l500.webp,other
other,https://i.ebayimg.com/images/g/yUQAAOSwDsBoTK3h/s-l500.webp,crib_bumper
other,https://i.ebayimg.com/images/g/B38AAeSwjapp7kb3/s-l500.webp,drop
other,https://i.ebayimg.com/images/g/1~UAAOSwXtJmuOOb/s-l500.webp,other
other,https://i.ebayimg.com/images/g/-9AAAeSw9TBqrgcU/s-l500.webp,other
other,https://i.ebayimg.com/images/g/nJgAAOSwqYBWomgg/s-l500.webp,other
other,https://images.craigslist.org/00v0v_8O7LGpKiV5j_07C07g_600x450.jpg,other
other,https://i.ebayimg.com/images/g/0oMAAeSwvDRpbnp3/s-l500.webp,drop
other,https://i.ebayimg.com/images/g/fY4AAOSwqu1lGqN~/s-l500.webp,other
other,https://i.ebayimg.com/images/g/VuAAAeSwzd1qtpFv/s-l500.webp,other
other,https://i.ebayimg.com/images/g/3sYAAeSwEM5qcA6G/s-l500.webp,other
other,https://i.ebayimg.com/images/g/MnAAAeSwWUhqf1gs/s-l500.webp,other
other,https://images.craigslist.org/00R0R_6GCixZj0xfo_0CI0t2_600x450.jpg,other
other,https://i.ebayimg.com/images/g/C2QAAeSwmX1qmKMG/s-l500.webp,drop
other,https://i.ebayimg.com/images/g/9RgAAOSwpUZe8UI7/s-l500.webp,other
other,https://i.ebayimg.com/images/g/yqsAAOSwDChjx1aR/s-l500.webp,other
other,https://i.ebayimg.com/images/g/xRAAAeSw3Txqq~pV/s-l500.webp,other
other,https://images.craigslist.org/00f0f_4QRz8xwfSYJ_0CI0t2_600x450.jpg,other
other,https://images.craigslist.org/00m0m_d9q2WjhvRBB_0hk0co_600x450.jpg,other
other,https://i.ebayimg.com/images/g/XM8AAeSwsehqVcJS/s-l500.webp,other
other,https://images.craigslist.org/00u0u_9Iq4N53A2yS_0CI0t2_600x450.jpg,other
other,https://images.craigslist.org/00404_8B6gc7pewp4_0lN0CI_600x450.jpg,other
other,https://images.craigslist.org/00M0M_1JhSi6n7f0W_0t20CI_600x450.jpg,other
other,https://i.ebayimg.com/images/g/2~AAAeSw8SBqrCMX/s-l500.webp,other
other,https://i.ebayimg.com/images/g/dqAAAeSwQzRp74UT/s-l500.webp,other
other,https://i.ebayimg.com/images/g/~YYAAeSwiOxqnXxM/s-l500.webp,other
other,https://i.ebayimg.com/images/g/L9IAAeSwVf1qggxx/s-l500.webp,other
other,https://i.ebayimg.com/images/g/9OgAAeSweiRqtdb5/s-l500.webp,other
other,https://i.ebayimg.com/images/g/qpsAAeSwvgtqgLUP/s-l500.webp,other
other,https://images.craigslist.org/00X0X_ajK4Mfyve4R_06s09B_600x450.jpg,other
other,https://images.craigslist.org/00F0F_2jMB83EMRQa_0CI0pK_600x450.jpg,other
other,https://images.craigslist.org/01515_54NfZM1y4y6_0CI0to_600x450.jpg,other
other,https://images.craigslist.org/00808_iJpdvXMkRKy_0bC0fu_600x450.jpg,other
other,https://i.ebayimg.com/images/g/nXMAAeSwWa1qH1jr/s-l500.webp,other
other,https://i.ebayimg.com/images/g/nF8AAeSwrj5qg03b/s-l500.webp,other
other,https://images.craigslist.org/00606_h8nuciA0c6G_0CI0rz_600x450.jpg,other
other,https://i.ebayimg.com/images/g/JsYAAeSwxMpqar4g/s-l500.webp,other
other,https://i.ebayimg.com/images/g/qJ4AAeSwe69qA3at/s-l500.webp,other
other,https://i.ebayimg.com/images/g/V70AAeSwuwZqSWlS/s-l500.webp,other
other,https://i.ebayimg.com/images/g/eu4AAeSwM0Nqq4aj/s-l500.webp,other
other,https://i.ebayimg.com/images/g/AlgAAOSw3YJoMhYK/s-l500.webp,other
other,https://i.ebayimg.com/images/g/~-oAAeSwy4ZpmKP0/s-l500.webp,crib_bumper
other,https://i.ebayimg.com/images/g/6YQAAeSwXulqnt1K/s-l500.webp,other
other,https://i.ebayimg.com/images/g/2lsAAOSwJiBoLUJ5/s-l500.webp,other
other,https://i.ebayimg.com/images/g/dfQAAeSwWTRogmU-/s-l500.webp,other
other,https://i.ebayimg.com/images/g/TngAAeSwR7Vqq~sL/s-l500.webp,other
other,https://images.craigslist.org/00q0q_j7z6MRJFOB9_0t20CI_600x450.jpg,other
other,https://images.craigslist.org/00y0y_yJILNBLgAW_06Q07e_600x450.jpg,other
other,https://i.ebayimg.com/images/g/SaQAAeSwZ-RqtuE-/s-l500.webp,other
other,https://images.craigslist.org/00M0M_lpGBDKk0e8R_05l05t_600x450.jpg,other
other,https://i.ebayimg.com/images/g/vdMAAeSw9XdqKxIT/s-l500.webp,other
other,https://i.ebayimg.com/images/g/xUMAAeSwh~xqWqWU/s-l500.webp,other
other,https://images.craigslist.org/00Q0Q_bVqr4GKjtDW_0oc0oc_600x450.jpg,other
other,https://i.ebayimg.com/images/g/ALkAAeSw2AdqaXPb/s-l500.webp,other
other,https://i.ebayimg.com/images/g/kT4AAeSwYOtqFY9e/s-l500.webp,crib_bumper
other,https://i.ebayimg.com/images/g/hdcAAeSwCfZp3qOp/s-l500.webp,other
other,https://i.ebayimg.com/images/g/YpMAAeSw0Kxqe15f/s-l500.webp,other
other,https://i.ebayimg.com/images/g/jywAAeSwHJdqtF0-/s-l500.webp,other
other,https://i.ebayimg.com/images/g/I8kAAOSwYphnONkg/s-l500.webp,other
other,https://images.craigslist.org/00N0N_atnLu5zun3e_09x05t_600x450.jpg,other
other,https://i.ebayimg.com/images/g/bz8AAeSw5rNp022g/s-l500.webp,other
other,https://i.ebayimg.com/images/g/m5cAAOSwWU5oVfEu/s-l500.webp,crib_bumper
other,https://i.ebayimg.com/images/g/q7kAAeSwWJ5o-ZTO/s-l500.webp,other
other,https://i.ebayimg.com/images/g/MXMAAeSwQc1o68as/s-l500.webp,other
other,https://images.craigslist.org/00j0j_iSRQxYDHcL8_07K0ak_600x450.jpg,other
other,https://images.craigslist.org/00z0z_6kTKphZTAqf_0lM0CI_600x450.jpg,other
other,https://i.ebayimg.com/images/g/8sAAAeSw6Xlqc5c8/s-l500.webp,other
other,https://i.ebayimg.com/images/g/Tx8AAeSwBxJp2SWS/s-l500.webp,other
other,https://i.ebayimg.com/images/g/0TAAAeSwMCBqgSn6/s-l500.webp,other
other,https://i.ebayimg.com/images/g/BycAAeSwOYppXYmk/s-l500.webp,drop
other,https://images.craigslist.org/00U0U_lfFgre3UJRT_08I0fu_600x450.jpg,other
other,https://images.craigslist.org/00T0T_lVMpyiaxZop_0b70eP_600x450.jpg,other
other,https://i.ebayimg.com/images/g/ZLkAAeSwWEBqUocA/s-l500.webp,other
other,https://images.craigslist.org/00R0R_io8ekbVGzHs_05s09d_600x450.jpg,other
other,https://images.craigslist.org/00909_7vGGj4gWuiU_0t20CI_600x450.jpg,other
other,https://images.craigslist.org/00V0V_cHfZ9UHUQCe_0CI0t2_600x450.jpg,other
other,https://images.craigslist.org/00p0p_ktL3vKedmVP_0vv0t2_600x450.jpg,other
other,https://i.ebayimg.com/images/g/rl4AAeSw0dNqQ7iv/s-l500.webp,other
other,https://i.ebayimg.com/images/g/~wIAAeSwTTtqtEQt/s-l500.webp,other
other,https://images.craigslist.org/00f0f_41S3MIP2rLn_0MM0MM_600x450.jpg,other
other,https://images.craigslist.org/00t0t_2TjBL59sNLP_0t20CI_600x450.jpg,other
other,https://i.ebayimg.com/images/g/wfIAAeSwqFVn9uMP/s-l500.webp,other
other,https://images.craigslist.org/00W0W_5Z2fadpoejcz_0t20CI_600x450.jpg,other
other,https://images.craigslist.org/01010_3tXJSWDNuad_0ew0ew_600x450.jpg,other
other,https://i.ebayimg.com/images/g/spQAAeSwsftpHpg6/s-l500.webp,other
other,https://i.ebayimg.com/images/g/XnwAAeSwOLpqfoFG/s-l500.webp,other
other,https://i.ebayimg.com/images/g/Io8AAeSwqmpqVmea/s-l500.webp,drop
other,https://i.ebayimg.com/images/g/6AgAAeSwYZtosfvf/s-l500.webp,other
other,https://images.craigslist.org/00D0D_gToWNUfLF6K_0nf0t2_600x450.jpg,other
other,https://images.craigslist.org/00S0S_kX4GR4QTSMU_0CI0pO_600x450.jpg,other
other,https://i.ebayimg.com/images/g/cowAAOSwGXRl6BEH/s-l500.webp,other
other,https://images.craigslist.org/00S0S_9WIRkn7L7GJ_0bC0fu_600x450.jpg,other
other,https://i.ebayimg.com/images/g/r-gAAeSwwHJqNv0d/s-l500.webp,other
other,https://images.craigslist.org/00n0n_8GriZdBt4h6_06u09e_600x450.jpg,other
other,https://images.craigslist.org/01111_kJgn22FHwia_0iR0t2_600x450.jpg,other
other,https://images.craigslist.org/00x0x_feN3mxTmy9p_06d07g_600x450.jpg,other
other,https://images.craigslist.org/00J0J_9uKtdPr1i1b_07C08Y_600x450.jpg,other
other,https://i.ebayimg.com/images/g/IZkAAeSwgBlpvDW0/s-l500.webp,other
other,https://i.ebayimg.com/images/g/5qsAAeSwrLtqSVsR/s-l500.webp,other
other,https://i.ebayimg.com/images/g/tjkAAeSwEQRqJaT7/s-l500.webp,other
other,https://i.ebayimg.com/images/g/NYYAAOSwWbtmCd6e/s-l500.webp,other
other,https://i.ebayimg.com/images/g/R~sAAeSwMCZqA9k-/s-l500.webp,other
other,https://images.craigslist.org/00u0u_kltZbQGFzAd_0CI0t2_600x450.jpg,other
other,https://i.ebayimg.com/images/g/4BUAAeSwWi9qE8Bn/s-l500.webp,other
other,https://images.craigslist.org/00N0N_8aOSIGQ3Nsa_0dq0t2_600x450.jpg,other
other,https://images.craigslist.org/00303_fE5iMg8zwKu_0t20CI_600x450.jpg,other
other,https://i.ebayimg.com/images/g/qi4AAeSwsSFp1DGR/s-l500.webp,other
other,https://i.ebayimg.com/images/g/a-UAAeSwxmZpa-kt/s-l500.webp,other
other,https://images.craigslist.org/00808_e3qK4Nju7KR_0CI0t2_600x450.jpg,other
other,https://i.ebayimg.com/images/g/a38AAeSwxLxqTVmg/s-l500.webp,other
other,https://i.ebayimg.com/images/g/JdYAAeSwvqJqdA0e/s-l500.webp,other
other,https://images.craigslist.org/00J0J_8lCa0VosgvO_0v40t2_600x450.jpg,other
other,https://i.ebayimg.com/images/g/reIAAeSwOktqtn-n/s-l500.webp,other
other,https://images.craigslist.org/00404_13MiGRmT3vb_0n90t2_600x450.jpg,other
other,https://i.ebayimg.com/images/g/BSQAAOSwG8dneWz5/s-l500.webp,other
other,https://i.ebayimg.com/images/g/G-oAAOSwwUhnzHdZ/s-l500.webp,other
other,https://images.craigslist.org/00z0z_Cu10FwarPP_0MM132_600x450.jpg,other
other,https://i.ebayimg.com/images/g/dOAAAeSwWg9qkjQb/s-l500.webp,other
other,https://images.craigslist.org/00V0V_2KSIdUWOTXP_09Y068_600x450.jpg,other
other,https://i.ebayimg.com/images/g/eOUAAeSwi2Fp0qwL/s-l500.webp,drop
other,https://i.ebayimg.com/images/g/qAcAAOSw1DZnK-dh/s-l500.webp,other
other,https://i.ebayimg.com/images/g/vr8AAeSwgAxp-kBB/s-l500.webp,other
other,https://i.ebayimg.com/images/g/PvEAAOSwWW9k0zXV/s-l500.webp,other
other,https://i.ebayimg.com/images/g/8IYAAeSwwfFqKrs9/s-l500.webp,other
other,https://images.craigslist.org/00303_ekERHRxAMOO_0ab06k_600x450.jpg,other
other,https://images.craigslist.org/00y0y_bX0bubrpM1L_0nm0hw_600x450.jpg,other
other,https://i.ebayimg.com/images/g/HTMAAeSw5Q9qpBU1/s-l500.webp,other
other,https://i.ebayimg.com/images/g/kicAAeSwJ2dqfMt1/s-l500.webp,other
other,https://i.ebayimg.com/images/g/vFkAAeSw0Idp5Y2m/s-l500.webp,drop
other,https://images.craigslist.org/00f0f_bgiAIElnsS9_0li0gL_600x450.jpg,other
other,https://i.ebayimg.com/images/g/TL0AAeSwvSpqE2Ku/s-l500.webp,other
other,https://i.ebayimg.com/images/g/Ta8AAeSwQbdpB624/s-l500.webp,other
other,https://i.ebayimg.com/images/g/KSIAAeSw8D1qtcS5/s-l500.webp,other
other,https://i.ebayimg.com/images/g/5xUAAeSwnHJqKQ-o/s-l500.webp,other
other,https://images.craigslist.org/00U0U_c1Xsv4kuD1J_0bC0fu_600x450.jpg,other
other,https://i.ebayimg.com/images/g/5ecAAeSwZl5qaRJ5/s-l500.webp,other
other,https://i.ebayimg.com/images/g/W4kAAOSwN1FgxCv4/s-l500.webp,drop
other,https://images.craigslist.org/00l0l_eOH6dq8mJW0_07L0ak_600x450.jpg,other
other,https://i.ebayimg.com/images/g/ewsAAeSwaONqleRp/s-l500.webp,other
other,https://images.craigslist.org/00D0D_fk65ffbA1Nt_06f06S_600x450.jpg,other
other,https://images.craigslist.org/00808_i0bo7ZvflnC_0hT0bW_600x450.jpg,other
other,https://i.ebayimg.com/images/g/eHQAAOSw3gJZL0af/s-l500.webp,crib_bumper
other,https://i.ebayimg.com/images/g/dGYAAeSwsKFqptTl/s-l500.webp,other
other,https://i.ebayimg.com/images/g/6ZkAAeSwjTNqsZVZ/s-l500.webp,other
other,https://images.craigslist.org/01111_cMQgRe9uzNu_0gw0co_600x450.jpg,other
other,https://images.craigslist.org/00b0b_4ZXChLrPaWY_0fu0bC_600x450.jpg,other
other,https://images.craigslist.org/00O0O_2dsw7UnWdVf_0lM0t2_600x450.jpg,other
other,https://images.craigslist.org/00808_7xmYLt0TIpp_0gw0oM_600x450.jpg,other
other,https://i.ebayimg.com/images/g/LNIAAeSwYPFqddbB/s-l500.webp,other
other,https://images.craigslist.org/00404_fjlOWExL2F7_0hz0ni_600x450.jpg,other
other,https://i.ebayimg.com/images/g/dHkAAOSw-1hluQAj/s-l500.webp,other
other,https://i.ebayimg.com/images/g/lZcAAeSwBpdqPTvb/s-l500.webp,other
other,https://images.craigslist.org/00909_hlVsM6gMYP5_0t20CI_600x450.jpg,other
other,https://i.ebayimg.com/images/g/iR0AAOSwLdpoM5qH/s-l500.webp,other
other,https://i.ebayimg.com/images/g/5V4AAeSw7ztp76az/s-l500.webp,other
other,https://i.ebayimg.com/images/g/IdcAAeSwh0NqbktU/s-l500.webp,other
