id,source,region,flag,detail,usedInTraining,title,url,image,ok,note
ebay:256974989347,ebay,,BANNED_TYPE,drop_side_crib p=0.7117,True,Tumble Jungle 4-pc Crib Little Bedding Set by NoJo Pink Floral Girl New,https://www.ebay.com/itm/256974989347,https://i.ebayimg.com/images/g/yUQAAOSwDsBoTK3h/s-l500.webp,no,"bedding set, no bumper visible"
ebay:406257047239,ebay,,BANNED_TYPE,crib_bumper p=0.7033,False,Premium Bed Bumper for Toddlers with Adjustable Straps | Portable Travel Bump...,https://www.ebay.com/itm/406257047239,https://i.ebayimg.com/images/g/p7gAAeSwf9lo3h12/s-l500.webp,no,toddler bed-rail bumper (not a crib bumper)
ebay:117264709498,ebay,,BANNED_TYPE,crib_bumper p=0.6442,False,Bacati Tribal Mint/Navy 10-Piece Nursery in a Bag,https://www.ebay.com/itm/117264709498,https://i.ebayimg.com/images/g/gn8AAeSwqV1qOqrR/s-l500.webp,unsure,"10-piece nursery set; bumper not visible, unconfirmed"
ebay:305154471517,ebay,,BANNED_TYPE,drop_side_crib p=0.683,False,McCall's 5224 Pattern Crib Bumpers Diaper Stacker Bassinet Skirt Nursery Assort,https://www.ebay.com/itm/305154471517,https://i.ebayimg.com/images/g/GJcAAOSwevhlDhKG/s-l500.webp,no,"sewing pattern, not a product"
ebay:128029489420,ebay,,BANNED_TYPE,drop_side_crib p=0.8462,True,Vintage Wooden and mesh drop side Baby Doll Crib / Cot Bed by Stirling,https://www.ebay.com/itm/128029489420,https://i.ebayimg.com/images/g/BG4AAeSwkNxqgME4/s-l500.webp,no,doll crib (toy)
ebay:304176764085,ebay,,BANNED_TYPE,drop_side_crib p=0.705,False,Dollhouse Crib Wood White Drop Side 1:12 Scale Miniature Nursery Furniture,https://www.ebay.com/itm/304176764085,https://i.ebayimg.com/images/g/A-EAAOSwZaJhXy30/s-l500.webp,no,dollhouse miniature crib
ebay:277545801702,ebay,,BANNED_TYPE,drop_side_crib p=0.6865,False,Dollhouse Crib Wood Drop Side Walnut Finish 1:12 Miniature Nursery Furniture,https://www.ebay.com/itm/277545801702,https://i.ebayimg.com/images/g/H3wAAOSwuHFnvSlu/s-l500.webp,no,dollhouse miniature crib
ebay:168654444409,ebay,,BANNED_TYPE,inclined_or_inbed_sleeper p=0.6332,False,Graco Pack ‘n Play Quick Connect Portable Napper Deluxe,https://www.ebay.com/itm/168654444409,https://i.ebayimg.com/images/g/908AAeSwi0pqlkgK/s-l500.webp,unsure,Graco play-yard napper; accessory type not confirmed
ebay:235899723497,ebay,,BANNED_TYPE,crib_bumper p=0.6075,False,Graco Pack n Playard PlayManor Replacement Portable Changing Mat Organizer,https://www.ebay.com/itm/235899723497,https://i.ebayimg.com/images/g/4DoAAOSwPWZnPpGN/s-l500.webp,no,play yard changing mat
